{"cameraMode":{"drawMode":0,"name":"Shaded","section":"Shading Mode"},"sceneLighting":true,"audioPlay":false,"sceneViewState":{"showFog":true,"showMaterialUpdate":false,"showSkybox":true,"showFlares":true,"showImageEffects":true,"showParticleSystems":true},"in2DMode":false,"pivot":{"x":136.38340759277345,"y":59.70451354980469,"z":69.90343475341797},"rotation":{"x":0.6190378665924072,"y":0.02144041657447815,"z":-0.016909955069422723,"w":0.784886360168457},"size":148.93798828125,"orthographic":false}