{"cameraMode":{"drawMode":0,"name":"Shaded","section":"Shading Mode"},"sceneLighting":true,"audioPlay":false,"sceneViewState":{"showFog":true,"showMaterialUpdate":false,"showSkybox":true,"showFlares":true,"showImageEffects":true,"showParticleSystems":true},"in2DMode":false,"pivot":{"x":132.2803497314453,"y":117.40403747558594,"z":35.41639709472656},"rotation":{"x":-0.1568433791399002,"y":0.009181206114590168,"z":-0.0014581134309992195,"w":-0.9875797629356384},"size":122.79446411132813,"orthographic":false}