{"cameraMode":{"drawMode":0,"name":"Shaded","section":"Shading Mode"},"sceneLighting":true,"audioPlay":false,"sceneViewState":{"showFog":true,"showMaterialUpdate":false,"showSkybox":true,"showFlares":true,"showImageEffects":true,"showParticleSystems":true},"in2DMode":false,"pivot":{"x":169.96737670898438,"y":110.71823120117188,"z":26.963546752929689},"rotation":{"x":0.1435028314590454,"y":0.0014843196840956808,"z":-0.0002152985252905637,"w":0.9896487593650818},"size":71.3233413696289,"orthographic":false}