{"cameraMode":{"drawMode":0,"name":"Shaded","section":"Shading Mode"},"sceneLighting":true,"audioPlay":false,"sceneViewState":{"showFog":true,"showMaterialUpdate":false,"showSkybox":true,"showFlares":true,"showImageEffects":true,"showParticleSystems":true},"in2DMode":false,"pivot":{"x":237.68936157226563,"y":44.33251953125,"z":453.2958068847656},"rotation":{"x":-0.1568433791399002,"y":0.009181206114590168,"z":-0.0014581134309992195,"w":-0.9875797629356384},"size":712.90771484375,"orthographic":false}